INSERT INTO [dbo].[Restaurant] ([Id], [Name]) VALUES (1, N'Wendy''s')
INSERT INTO [dbo].[Restaurant] ([Id], [Name]) VALUES (2, N'Pizza Hut')
INSERT INTO [dbo].[Restaurant] ([Id], [Name]) VALUES (3, N'Papa John''s')
INSERT INTO [dbo].[Restaurant] ([Id], [Name]) VALUES (4, N'Chipotle')

INSERT INTO [dbo].[Menu] ([Id], [MenuType], [RestaurantId]) VALUES (1, N'Breakfast', 1)
INSERT INTO [dbo].[Menu] ([Id], [MenuType], [RestaurantId]) VALUES (2, N'Dinner', 1)
INSERT INTO [dbo].[Menu] ([Id], [MenuType], [RestaurantId]) VALUES (3, N'Lunch', 2)
INSERT INTO [dbo].[Menu] ([Id], [MenuType], [RestaurantId]) VALUES (4, N'Dinner', 2)
INSERT INTO [dbo].[Menu] ([Id], [MenuType], [RestaurantId]) VALUES (5, N'Lunch', 3)
INSERT INTO [dbo].[Menu] ([Id], [MenuType], [RestaurantId]) VALUES (6, N'Dinner', 3)
INSERT INTO [dbo].[Menu] ([Id], [MenuType], [RestaurantId]) VALUES (7, N'Lunch', 4)
INSERT INTO [dbo].[Menu] ([Id], [MenuType], [RestaurantId]) VALUES (8, N'Dinner', 4)

INSERT INTO [dbo].[MenuItem] ([Id], [MenuId], [Name], [Price]) VALUES (1, 1, N'Breakfast Baconator', 5)
INSERT INTO [dbo].[MenuItem] ([Id], [MenuId], [Name], [Price]) VALUES (2, 1, N'Frosty', 2)
INSERT INTO [dbo].[MenuItem] ([Id], [MenuId], [Name], [Price]) VALUES (3, 2, N'Baconator', 6)
INSERT INTO [dbo].[MenuItem] ([Id], [MenuId], [Name], [Price]) VALUES (4, 2, N'Fries', 2)
INSERT INTO [dbo].[MenuItem] ([Id], [MenuId], [Name], [Price]) VALUES (5, 3, N'Pepperoni Pizza', 10)
INSERT INTO [dbo].[MenuItem] ([Id], [MenuId], [Name], [Price]) VALUES (6, 3, N'Cheese Pizza', 10)
INSERT INTO [dbo].[MenuItem] ([Id], [MenuId], [Name], [Price]) VALUES (7, 4, N'Pepperoni Pizza', 10)
INSERT INTO [dbo].[MenuItem] ([Id], [MenuId], [Name], [Price]) VALUES (8, 4, N'Cheese Pizza', 10)
INSERT INTO [dbo].[MenuItem] ([Id], [MenuId], [Name], [Price]) VALUES (9, 5, N'Thin Pepperoni Pizza', 10)
INSERT INTO [dbo].[MenuItem] ([Id], [MenuId], [Name], [Price]) VALUES (10, 5, N'Thin Cheese Pizza', 10)
INSERT INTO [dbo].[MenuItem] ([Id], [MenuId], [Name], [Price]) VALUES (11, 6, N'Thin Pepperoni Pizza', 10)
INSERT INTO [dbo].[MenuItem] ([Id], [MenuId], [Name], [Price]) VALUES (12, 6, N'Thin Cheese Pizza', 10)
INSERT INTO [dbo].[MenuItem] ([Id], [MenuId], [Name], [Price]) VALUES (13, 7, N'Chicken Burrito', 10)
INSERT INTO [dbo].[MenuItem] ([Id], [MenuId], [Name], [Price]) VALUES (14, 7, N'Chicken Bowl', 10)
INSERT INTO [dbo].[MenuItem] ([Id], [MenuId], [Name], [Price]) VALUES (15, 8, N'Beef Burrito', 10)
INSERT INTO [dbo].[MenuItem] ([Id], [MenuId], [Name], [Price]) VALUES (16, 8, N'Beef Bowl', 10)

INSERT INTO [dbo].[Rating] ([Id], [RestaurantId], [Stars], [Comment]) VALUES (1, 1, 5, N'Great food!')
INSERT INTO [dbo].[Rating] ([Id], [RestaurantId], [Stars], [Comment]) VALUES (2, 1, 4, N'Good food!')
INSERT INTO [dbo].[Rating] ([Id], [RestaurantId], [Stars], [Comment]) VALUES (3, 1, 3, N'Okay food!')
INSERT INTO [dbo].[Rating] ([Id], [RestaurantId], [Stars], [Comment]) VALUES (4, 2, 2, N'Bad food!')
INSERT INTO [dbo].[Rating] ([Id], [RestaurantId], [Stars], [Comment]) VALUES (5, 2, 1, N'Horrible food!')
INSERT INTO [dbo].[Rating] ([Id], [RestaurantId], [Stars], [Comment]) VALUES (6, 3, 5, N'Great food!')
INSERT INTO [dbo].[Rating] ([Id], [RestaurantId], [Stars], [Comment]) VALUES (7, 3, 4, N'Good food!')
INSERT INTO [dbo].[Rating] ([Id], [RestaurantId], [Stars], [Comment]) VALUES (8, 4, 3, N'Okay food!')
INSERT INTO [dbo].[Rating] ([Id], [RestaurantId], [Stars], [Comment]) VALUES (9, 4, 2, N'Bad food!')